emp_id,first_name,last_name,email,gender
1,Bar,Condit,bcondit0@w3.org,Male
2,Gabi,Hixson,ghixson1@photobucket.com,Female
3,Cherin,Goacher,cgoacher2@plala.or.jp,Female
4,Sher,Vasyagin,svasyagin3@cnn.com,Female
5,Averil,Dodridge,adodridge4@google.fr,Male
6,Angelle,Tomlett,atomlett5@hp.com,Female
7,Ralf,Zorer,rzorer6@sciencedirect.com,Male
8,Alexandrina,Du Hamel,aduhamel7@hugedomains.com,Female
9,Iver,Van Haeften,ivanhaeften8@psu.edu,Male
10,Bil,Kalkhoven,bkalkhoven9@mashable.com,Male
11,Kali,Deave,kdeavea@elpais.com,Bigender
12,Dieter,Klezmski,dklezmskib@rakuten.co.jp,Male
13,Matthieu,Geddis,mgeddisc@biglobe.ne.jp,Male
14,Siana,Carreyette,scarreyetted@rakuten.co.jp,Bigender
15,Dominik,Whitnall,dwhitnalle@webs.com,Male
16,Elton,Vakhlov,evakhlovf@thetimes.co.uk,Male
17,Raleigh,Capel,rcapelg@posterous.com,Male
18,Opal,Chevis,ochevish@typepad.com,Female
19,Ellis,Gyorgy,egyorgyi@wufoo.com,Male
20,Raf,Mellody,rmellodyj@seesaa.net,Female
21,Phylys,Kelling,pkellingk@boston.com,Female
22,Aryn,Deevey,adeeveyl@webeden.co.uk,Female
23,Berk,Rosendahl,brosendahlm@ftc.gov,Male
24,Lorinda,McLenaghan,lmclenaghann@umn.edu,Genderfluid
25,Carline,Chetham,cchethamo@vk.com,Female
26,Corina,Tours,ctoursp@wordpress.org,Female
27,Janene,MacCrann,jmaccrannq@home.pl,Female
28,Elisha,McKnockiter,emcknockiterr@phpbb.com,Male
29,Haven,Vennings,hvenningss@yahoo.co.jp,Male
30,Del,Rorke,drorket@free.fr,Male
31,Raquel,Biagini,rbiaginiu@indiatimes.com,Female
32,Rakel,Michiel,rmichielv@google.co.jp,Female
33,Burl,Lamond,blamondw@va.gov,Agender
34,Alvis,Cowey,acoweyx@vimeo.com,Male
35,Caspar,Juckes,cjuckesy@china.com.cn,Male
36,Gay,Lewsley,glewsleyz@redcross.org,Female
37,Junina,Thebe,jthebe10@amazon.com,Female
38,Nerita,Mayoh,nmayoh11@phoca.cz,Female
39,Theodosia,Strange,tstrange12@surveymonkey.com,Female
40,Kirsteni,Rankine,krankine13@archive.org,Female
41,Violante,Gowthrop,vgowthrop14@sogou.com,Female
42,Saloma,Bernat,sbernat15@bloglines.com,Female
43,Davida,Commander,dcommander16@slideshare.net,Female
44,Egan,Kleimt,ekleimt17@flavors.me,Bigender
45,Jocelin,Chansonnau,jchansonnau18@telegraph.co.uk,Female
46,Wilbur,Drewry,wdrewry19@amazon.co.uk,Male
47,Calla,Jaskowicz,cjaskowicz1a@cyberchimps.com,Female
48,Antonina,Jefford,ajefford1b@google.com.br,Genderqueer
49,Boniface,McPhelimy,bmcphelimy1c@freewebs.com,Male
50,Cathrine,Milson,cmilson1d@rakuten.co.jp,Female
51,Krishnah,Cullimore,kcullimore1e@engadget.com,Male
52,Emmerich,Loudon,eloudon1f@si.edu,Bigender
53,Teador,Winn,twinn1g@google.co.jp,Male
54,Holt,Du Plantier,hduplantier1h@springer.com,Male
55,Andrea,Bulfit,abulfit1i@sbwire.com,Female
56,Ashlan,Florey,aflorey1j@who.int,Female
57,Shay,Matejic,smatejic1k@topsy.com,Female
58,Walden,Chasles,wchasles1l@redcross.org,Male
59,Riannon,Blaes,rblaes1m@godaddy.com,Female
60,Lib,Issac,lissac1n@trellian.com,Female
61,Erl,Danilin,edanilin1o@storify.com,Male
62,Mar,Danbrook,mdanbrook1p@cdbaby.com,Male
63,Kellina,Palfreeman,kpalfreeman1q@usgs.gov,Female
64,Ella,Rankine,erankine1r@about.me,Female
65,Myrah,Simkovich,msimkovich1s@indiegogo.com,Female
66,Vasili,Crosoer,vcrosoer1t@engadget.com,Male
67,Astrid,Eliet,aeliet1u@eventbrite.com,Female
68,Itch,Allport,iallport1v@indiegogo.com,Male
69,Jone,Solloway,jsolloway1w@ox.ac.uk,Male
70,Garvy,Smithies,gsmithies1x@clickbank.net,Male
71,Marion,Penylton,mpenylton1y@networkadvertising.org,Male
72,Rabbi,Hattigan,rhattigan1z@goo.gl,Male
73,Laure,Coskerry,lcoskerry20@foxnews.com,Female
74,Hugibert,Cookman,hcookman21@icq.com,Male
75,Dulci,Harle,dharle22@ucoz.com,Female
76,Magdaia,Riglesford,mriglesford23@canalblog.com,Female
77,Brigg,Phizackerly,bphizackerly24@last.fm,Male
78,Sam,Harmstone,sharmstone25@auda.org.au,Male
79,Korey,Gofforth,kgofforth26@naver.com,Male
80,Lothaire,Jeandeau,ljeandeau27@intel.com,Male
81,Moss,Abberley,mabberley28@ucoz.com,Male
82,Olympe,Jessel,ojessel29@washington.edu,Female
83,Dulciana,Newtown,dnewtown2a@cbc.ca,Female
84,Husein,Genese,hgenese2b@ihg.com,Male
85,Jefferey,Sheaf,jsheaf2c@google.pl,Male
86,Stuart,Lafflina,slafflina2d@arizona.edu,Male
87,Alvis,Godly,agodly2e@smugmug.com,Male
88,Bary,Jerschke,bjerschke2f@blogs.com,Male
89,Thayne,Hunn,thunn2g@gizmodo.com,Male
90,Arabel,Battram,abattram2h@t.co,Female
91,Sallie,Leftly,sleftly2i@issuu.com,Female
92,Antone,Quirke,aquirke2j@behance.net,Male
93,Consolata,Aldhouse,caldhouse2k@cdc.gov,Female
94,Juliet,Nethercott,jnethercott2l@opensource.org,Female
95,Aggie,Strafen,astrafen2m@businesswire.com,Female
96,Frederic,Armstead,farmstead2n@cpanel.net,Male
97,Gerardo,Bezzant,gbezzant2o@mayoclinic.com,Male
98,Klement,Mountain,kmountain2p@theglobeandmail.com,Male
99,Elora,Menelaws,emenelaws2q@freewebs.com,Female
100,Stephana,Bemment,sbemment2r@last.fm,Female
101,Frazer,Mannock,fmannock2s@nymag.com,Male
102,Gypsy,Yude,gyude2t@addtoany.com,Female
103,Patsy,Oldershaw,poldershaw2u@wisc.edu,Female
104,Denna,Parade,dparade2v@sitemeter.com,Agender
105,Reinaldo,Wylder,rwylder2w@vinaora.com,Male
106,Kliment,Goodered,kgoodered2x@addtoany.com,Male
107,Taddeo,Gwyneth,tgwyneth2y@ebay.co.uk,Male
108,Issy,Lambrechts,ilambrechts2z@dedecms.com,Female
109,Lorianna,Lundie,llundie30@cdbaby.com,Female
110,Rorke,Spensley,rspensley31@mediafire.com,Male
111,Fionnula,Andreaccio,fandreaccio32@a8.net,Female
112,Dollie,Pocke,dpocke33@chron.com,Bigender
113,Scot,Bannell,sbannell34@walmart.com,Non-binary
114,Brietta,Cathrall,bcathrall35@ameblo.jp,Genderqueer
115,Ashia,Millmoe,amillmoe36@linkedin.com,Female
116,Cordy,Mole,cmole37@archive.org,Female
117,Tresa,Luc,tluc38@stumbleupon.com,Female
118,Thacher,Jobes,tjobes39@icq.com,Male
119,Silvio,Ubee,subee3a@sciencedaily.com,Male
120,Kipp,Gianulli,kgianulli3b@eventbrite.com,Female
121,Lilly,Malmar,lmalmar3c@studiopress.com,Female
122,Elisabet,Ianinotti,eianinotti3d@sogou.com,Female
123,Quinta,Osan,qosan3e@oracle.com,Female
124,Berna,Baurerich,bbaurerich3f@mac.com,Female
125,Allene,Leary,aleary3g@barnesandnoble.com,Female
126,Zaccaria,McCleary,zmccleary3h@issuu.com,Male
127,Aretha,Lassetter,alassetter3i@patch.com,Female
128,Betsey,Hankins,bhankins3j@marriott.com,Female
129,Minta,Perceval,mperceval3k@theatlantic.com,Agender
130,Lark,Thwaite,lthwaite3l@sphinn.com,Female
131,Sullivan,Gooderick,sgooderick3m@ebay.co.uk,Male
132,Kellia,Slark,kslark3n@uiuc.edu,Female
133,Clim,Mathwen,cmathwen3o@weibo.com,Male
134,Ewell,Kibard,ekibard3p@cornell.edu,Male
135,Moss,Castella,mcastella3q@csmonitor.com,Male
136,Sherman,Olesen,solesen3r@addthis.com,Male
137,Zerk,Duckwith,zduckwith3s@noaa.gov,Non-binary
138,Nadean,Ronchi,nronchi3t@printfriendly.com,Polygender
139,Rahal,Todarello,rtodarello3u@china.com.cn,Female
140,Tanner,Gun,tgun3v@amazonaws.com,Male
141,Carroll,Bramhill,cbramhill3w@imgur.com,Male
142,Bev,Gyford,bgyford3x@printfriendly.com,Male
143,Lynn,Iacomelli,liacomelli3y@imageshack.us,Female
144,Thorndike,Phibb,tphibb3z@archive.org,Male
145,Rebe,Attew,rattew40@vkontakte.ru,Female
146,Sybilla,Hansie,shansie41@amazon.co.uk,Agender
147,Sybila,Bail,sbail42@gmpg.org,Female
148,Sherie,Abramski,sabramski43@indiegogo.com,Female
149,Jsandye,Seamarke,jseamarke44@apache.org,Female
150,Esther,Janaway,ejanaway45@ow.ly,Female
151,Eugenius,Buckney,ebuckney46@globo.com,Male
152,Arnoldo,Bellenger,abellenger47@comcast.net,Male
153,Hamish,Jiracek,hjiracek48@cyberchimps.com,Non-binary
154,Ferdinanda,Steel,fsteel49@examiner.com,Bigender
155,Claybourne,Muddle,cmuddle4a@forbes.com,Male
156,Meris,Paudin,mpaudin4b@weather.com,Female
157,Katya,Matfield,kmatfield4c@about.com,Female
158,Natala,Pietersen,npietersen4d@house.gov,Female
159,Damiano,Krammer,dkrammer4e@mayoclinic.com,Genderqueer
160,Joannes,Thorneloe,jthorneloe4f@wired.com,Female
161,Ilyssa,Tevelov,itevelov4g@jigsy.com,Genderfluid
162,Ilyse,Glanton,iglanton4h@creativecommons.org,Genderqueer
163,Timi,Harragin,tharragin4i@oaic.gov.au,Female
164,Palm,Hatwells,phatwells4j@ca.gov,Male
165,Jaye,Freathy,jfreathy4k@cnet.com,Male
166,Adah,Methingam,amethingam4l@constantcontact.com,Agender
167,Randall,Moorcraft,rmoorcraft4m@a8.net,Male
168,Merl,Graal,mgraal4n@cnn.com,Female
169,Sandor,Bonavia,sbonavia4o@aboutads.info,Male
170,Lanie,Hanbidge,lhanbidge4p@nbcnews.com,Genderfluid
171,Jaquenette,Farlham,jfarlham4q@artisteer.com,Female
172,Monica,Cockshtt,mcockshtt4r@usda.gov,Female
173,Fritz,Pretswell,fpretswell4s@hhs.gov,Male
174,Megan,Freed,mfreed4t@time.com,Female
175,Gerianna,Gronw,ggronw4u@google.com.br,Female
176,Colline,Lusk,clusk4v@wordpress.com,Female
177,Dalton,Andrin,dandrin4w@privacy.gov.au,Male
178,Maxy,Jinkins,mjinkins4x@who.int,Male
179,Parrnell,Rosten,prosten4y@examiner.com,Bigender
180,Glendon,Barenski,gbarenski4z@cargocollective.com,Male
181,May,Tyrer,mtyrer50@godaddy.com,Female
182,Elianora,Hiom,ehiom51@networksolutions.com,Agender
183,Ephraim,Coltart,ecoltart52@redcross.org,Male
184,Wang,Dare,wdare53@skyrock.com,Male
185,Demetri,Brandino,dbrandino54@prweb.com,Male
186,Babbie,Mowett,bmowett55@digg.com,Female
187,Christalle,Molnar,cmolnar56@loc.gov,Female
188,Roley,Schubart,rschubart57@pagesperso-orange.fr,Male
189,Row,Schwaiger,rschwaiger58@whitehouse.gov,Female
190,Osgood,Delahunt,odelahunt59@chronoengine.com,Male
191,Araldo,Nason,anason5a@ezinearticles.com,Male
192,Bert,Caudelier,bcaudelier5b@hud.gov,Female
193,Sandro,Gummery,sgummery5c@mapy.cz,Polygender
194,Kellen,Balazin,kbalazin5d@miibeian.gov.cn,Female
195,Chickie,Asey,casey5e@istockphoto.com,Male
196,Cathie,Greig,cgreig5f@imageshack.us,Female
197,Theodore,Rimmer,trimmer5g@youtube.com,Male
198,Judie,Matlock,jmatlock5h@mozilla.org,Female
199,Gawain,Darkott,gdarkott5i@topsy.com,Male
200,Gifford,McKenna,gmckenna5j@businessinsider.com,Male
201,Alistair,Lerven,alerven5k@mail.ru,Male
202,Orsola,McIvor,omcivor5l@github.io,Female
203,Pearl,Bane,pbane5m@odnoklassniki.ru,Female
204,Darya,Greetham,dgreetham5n@cornell.edu,Female
205,Janina,D'Ambrogio,jdambrogio5o@xinhuanet.com,Female
206,Jeanne,Woffenden,jwoffenden5p@webnode.com,Female
207,Louise,Wilby,lwilby5q@tmall.com,Female
208,Kiersten,Halcro,khalcro5r@elegantthemes.com,Agender
209,Lona,Lansly,llansly5s@issuu.com,Female
210,Lancelot,Quick,lquick5t@telegraph.co.uk,Male
211,Royal,Spellworth,rspellworth5u@techcrunch.com,Male
212,Lizbeth,Jeffrey,ljeffrey5v@last.fm,Female
213,Maureen,Garratt,mgarratt5w@jimdo.com,Female
214,Ced,Hulbert,chulbert5x@statcounter.com,Male
215,Fredericka,Prier,fprier5y@fema.gov,Female
216,Roxine,Willmer,rwillmer5z@gravatar.com,Female
217,Evangelina,Haberjam,ehaberjam60@reuters.com,Female
218,Danella,Shillitoe,dshillitoe61@sogou.com,Female
219,Kirsteni,Whyberd,kwhyberd62@issuu.com,Female
220,Emmey,Sparrowhawk,esparrowhawk63@jimdo.com,Female
221,Jori,Eyckel,jeyckel64@wikispaces.com,Female
222,Dynah,Danilewicz,ddanilewicz65@chron.com,Female
223,Dianemarie,Edis,dedis66@illinois.edu,Polygender
224,Wildon,Connechie,wconnechie67@mayoclinic.com,Non-binary
225,Maisie,Haycox,mhaycox68@miitbeian.gov.cn,Female
226,Miller,Glaserman,mglaserman69@mashable.com,Male
227,Yale,Laugharne,ylaugharne6a@sbwire.com,Male
228,Shandy,Rushman,srushman6b@sitemeter.com,Female
229,Salvidor,Duffit,sduffit6c@businesswire.com,Male
230,Rurik,Leuchars,rleuchars6d@tinypic.com,Male
231,Colby,Betje,cbetje6e@unc.edu,Male
232,Harlin,Roebuck,hroebuck6f@squidoo.com,Male
233,Maryrose,Comar,mcomar6g@printfriendly.com,Female
234,Vally,Kemmis,vkemmis6h@t.co,Non-binary
235,Denis,Austen,dausten6i@independent.co.uk,Male
236,Immanuel,Baggarley,ibaggarley6j@free.fr,Male
237,Michaelina,Olivey,molivey6k@wufoo.com,Female
238,Keane,Warrell,kwarrell6l@berkeley.edu,Male
239,Findlay,Bussetti,fbussetti6m@google.de,Male
240,Enrichetta,Pitsall,epitsall6n@webnode.com,Female
241,Crysta,Greber,cgreber6o@biblegateway.com,Female
242,Lanie,Dutchburn,ldutchburn6p@webeden.co.uk,Male
243,Ursa,Lewson,ulewson6q@mozilla.org,Female
244,Marwin,Elizabeth,melizabeth6r@shinystat.com,Male
245,Gussy,Grimestone,ggrimestone6s@ftc.gov,Female
246,Humfrey,Duly,hduly6t@usgs.gov,Male
247,Martyn,Kemmish,mkemmish6u@usgs.gov,Male
248,Emmanuel,Rowes,erowes6v@fastcompany.com,Male
249,Marlene,Klishin,mklishin6w@spotify.com,Female
250,Giacobo,Cornelisse,gcornelisse6x@eventbrite.com,Male
251,Daffie,Klauber,dklauber6y@mit.edu,Female
252,Welch,Tierny,wtierny6z@blogs.com,Male
253,Urbanus,Jekel,ujekel70@stanford.edu,Male
254,Valentijn,Smeeton,vsmeeton71@bbc.co.uk,Male
255,Meggy,Ponder,mponder72@arstechnica.com,Female
256,Manfred,Kroch,mkroch73@boston.com,Male
257,Melicent,Ramme,mramme74@pinterest.com,Female
258,Luigi,Rivallant,lrivallant75@house.gov,Bigender
259,Davy,Stainton - Skinn,dstaintonskinn76@pbs.org,Agender
260,Ursula,Ripon,uripon77@baidu.com,Female
261,Allys,Van Weedenburg,avanweedenburg78@sitemeter.com,Agender
262,Leicester,Yushmanov,lyushmanov79@ox.ac.uk,Male
263,Chiquita,Weinham,cweinham7a@wix.com,Female
264,Amargo,Teacy,ateacy7b@youtube.com,Female
265,Ginnifer,Betser,gbetser7c@diigo.com,Female
266,Batsheva,Laydon,blaydon7d@soundcloud.com,Female
267,Pernell,Awton,pawton7e@pagesperso-orange.fr,Male
268,Crista,Felmingham,cfelmingham7f@yale.edu,Female
269,Louie,Bertrand,lbertrand7g@abc.net.au,Male
270,Reinwald,Melwall,rmelwall7h@ebay.com,Male
271,Martynne,Doy,mdoy7i@ifeng.com,Non-binary
272,Channa,Fortey,cfortey7j@fema.gov,Female
273,Silvana,Chansonnau,schansonnau7k@fotki.com,Female
274,Freddy,Trowell,ftrowell7l@godaddy.com,Female
275,Suzy,Grovier,sgrovier7m@google.ru,Female
276,Malina,Strangwood,mstrangwood7n@imdb.com,Female
277,Claudius,Vanne,cvanne7o@cyberchimps.com,Male
278,Gwyn,Beggi,gbeggi7p@goo.gl,Female
279,Nicko,Stirrup,nstirrup7q@google.es,Male
280,Keven,Allbut,kallbut7r@intel.com,Male
281,Caryn,Gounet,cgounet7s@europa.eu,Female
282,Theressa,Crabtree,tcrabtree7t@theglobeandmail.com,Female
283,Zed,Edis,zedis7u@nhs.uk,Male
284,Osbert,Ovett,oovett7v@ehow.com,Male
285,Monah,Barrowcliffe,mbarrowcliffe7w@craigslist.org,Female
286,Emmalee,Laffranconi,elaffranconi7x@github.io,Female
287,Odie,Allone,oallone7y@google.co.uk,Male
288,Sherrie,Lewin,slewin7z@apple.com,Female
289,Leone,Pasmore,lpasmore80@php.net,Female
290,Jefferson,Wearing,jwearing81@cisco.com,Male
291,Pennie,Jeffels,pjeffels82@si.edu,Male
292,Logan,Reignard,lreignard83@reddit.com,Male
293,Berny,Winfield,bwinfield84@imdb.com,Male
294,Sidnee,Niessen,sniessen85@altervista.org,Male
295,Guinevere,Jenkins,gjenkins86@nih.gov,Female
296,Alisha,Murdy,amurdy87@wiley.com,Female
297,Roana,Davenell,rdavenell88@ask.com,Female
298,Florette,Woolager,fwoolager89@chronoengine.com,Female
299,Lalo,Grocutt,lgrocutt8a@cbsnews.com,Male
300,Ulrica,Absolon,uabsolon8b@mac.com,Female
301,Hasty,Kanwell,hkanwell8c@discuz.net,Male
302,Mureil,Foister,mfoister8d@bloomberg.com,Female
303,Minnie,Falconbridge,mfalconbridge8e@hexun.com,Female
304,Alvina,Quainton,aquainton8f@drupal.org,Female
305,Josselyn,Millett,jmillett8g@dailymotion.com,Female
306,Rickard,Alfwy,ralfwy8h@narod.ru,Male
307,Graeme,Mouse,gmouse8i@cbslocal.com,Male
308,Curran,Vennard,cvennard8j@webmd.com,Non-binary
309,Ofelia,d'Escoffier,odescoffier8k@multiply.com,Bigender
310,Sarina,Morcombe,smorcombe8l@usda.gov,Bigender
311,Marnia,Ogborne,mogborne8m@desdev.cn,Female
312,Andriana,Prall,aprall8n@techcrunch.com,Female
313,Jeromy,Burbury,jburbury8o@nyu.edu,Male
314,Harley,Checkley,hcheckley8p@networkadvertising.org,Male
315,Kippy,Patience,kpatience8q@imdb.com,Male
316,Sherwin,Edgcumbe,sedgcumbe8r@bbb.org,Male
317,Channa,Moscon,cmoscon8s@hatena.ne.jp,Female
318,Sansone,Chinnery,schinnery8t@meetup.com,Male
319,Brewer,Broek,bbroek8u@fema.gov,Male
320,Kim,Itshak,kitshak8v@abc.net.au,Female
321,Isabelita,Leward,ileward8w@spotify.com,Female
322,Sherry,Garshore,sgarshore8x@myspace.com,Female
323,Abby,Mattam,amattam8y@vkontakte.ru,Male
324,Waite,Meins,wmeins8z@ucla.edu,Male
325,Donalt,Rihanek,drihanek90@msn.com,Male
326,Avigdor,Beever,abeever91@smh.com.au,Male
327,Stormi,Thomson,sthomson92@guardian.co.uk,Female
328,Aluin,Brundle,abrundle93@craigslist.org,Male
329,Aridatha,Presdie,apresdie94@unc.edu,Female
330,Karena,Cleall,kcleall95@ftc.gov,Female
331,Caryl,Jeste,cjeste96@w3.org,Male
332,Tailor,Vegas,tvegas97@lycos.com,Male
333,Munroe,McAdam,mmcadam98@webs.com,Male
334,Titos,Tafani,ttafani99@vkontakte.ru,Male
335,Hasty,Rosson,hrosson9a@cdc.gov,Male
336,Johnny,Chopping,jchopping9b@ucoz.ru,Male
337,Cristal,Crystal,ccrystal9c@economist.com,Female
338,Wallace,Kempston,wkempston9d@rakuten.co.jp,Male
339,Karl,Wisson,kwisson9e@nbcnews.com,Male
340,Ora,Feldstein,ofeldstein9f@istockphoto.com,Female
341,Lark,Shiel,lshiel9g@bloglines.com,Female
342,Sunshine,Bernath,sbernath9h@histats.com,Female
343,Ainslee,Rodgers,arodgers9i@mtv.com,Female
344,Travus,Robertson,trobertson9j@goo.gl,Male
345,Jess,Waterman,jwaterman9k@mapquest.com,Male
346,Mohandas,Blaymires,mblaymires9l@multiply.com,Bigender
347,Ianthe,Croson,icroson9m@unc.edu,Agender
348,Cesare,Raoux,craoux9n@pcworld.com,Male
349,Cristy,Kingsly,ckingsly9o@bbb.org,Polygender
350,Cori,Grisedale,cgrisedale9p@usatoday.com,Female
351,Donetta,Giblett,dgiblett9q@vimeo.com,Female
352,Bentley,Spedding,bspedding9r@pbs.org,Male
353,Nickolai,Stickens,nstickens9s@jigsy.com,Male
354,Talbot,Henrie,thenrie9t@surveymonkey.com,Genderqueer
355,Barnebas,Camili,bcamili9u@msn.com,Male
356,Court,Fernandes,cfernandes9v@wikipedia.org,Male
357,Norry,MacGiffin,nmacgiffin9w@google.com.hk,Male
358,Herculie,Posner,hposner9x@jimdo.com,Male
359,Lolita,Beumant,lbeumant9y@arizona.edu,Female
360,Rafaellle,Papworth,rpapworth9z@amazon.co.jp,Male
361,Liza,McMakin,lmcmakina0@goo.ne.jp,Female
362,Peg,Crus,pcrusa1@delicious.com,Female
363,Maximo,Nanetti,mnanettia2@seesaa.net,Male
364,Christin,Bearne,cbearnea3@jalbum.net,Female
365,Otho,Dumini,oduminia4@shutterfly.com,Male
366,Tamra,Doore,tdoorea5@statcounter.com,Female
367,Malissa,Bayfield,mbayfielda6@unc.edu,Female
368,Ag,Routham,arouthama7@shop-pro.jp,Female
369,Reba,Vashchenko,rvashchenkoa8@meetup.com,Female
370,Elisabet,Shank,eshanka9@dion.ne.jp,Female
371,Romain,von Hagt,rvonhagtaa@seesaa.net,Male
372,Israel,Garrison,igarrisonab@skyrock.com,Male
373,Vivianne,Whipp,vwhippac@webeden.co.uk,Female
374,Mordecai,Chippindall,mchippindallad@accuweather.com,Male
375,Jamey,Porter,jporterae@etsy.com,Male
376,Hillie,Skoggings,hskoggingsaf@is.gd,Male
377,Camellia,Plaide,cplaideag@spiegel.de,Female
378,Quillan,Heskin,qheskinah@dyndns.org,Male
379,Ysabel,Sleney,ysleneyai@list-manage.com,Polygender
380,Mylo,Gotfrey,mgotfreyaj@wired.com,Male
381,Jordon,Smallman,jsmallmanak@jimdo.com,Male
382,Myriam,Izak,mizakal@smh.com.au,Female
383,Neall,Haythorn,nhaythornam@chicagotribune.com,Male
384,Dacey,Pavese,dpavesean@squidoo.com,Female
385,Obadias,Brando,obrandoao@tiny.cc,Male
386,Phyllys,Vockings,pvockingsap@e-recht24.de,Genderqueer
387,Rinaldo,Timeby,rtimebyaq@t.co,Male
388,Milty,Dudley,mdudleyar@bbc.co.uk,Male
389,Ambrosi,Thompkins,athompkinsas@ebay.com,Male
390,Mimi,Wakeman,mwakemanat@liveinternet.ru,Female
391,Waverley,Jagiello,wjagielloau@unesco.org,Male
392,Roland,Fessier,rfessierav@baidu.com,Male
393,Brady,de Guise,bdeguiseaw@ow.ly,Male
394,Malachi,Siege,msiegeax@archive.org,Male
395,Leland,Basden,lbasdenay@hc360.com,Male
396,Bondon,Osgardby,bosgardbyaz@g.co,Male
397,Johna,Perritt,jperrittb0@hubpages.com,Female
398,Suzy,Rousby,srousbyb1@wikispaces.com,Female
399,Cate,Louis,clouisb2@comcast.net,Female
400,Nikos,Posselt,nposseltb3@symantec.com,Male
401,Linnell,Jardine,ljardineb4@bloomberg.com,Female
402,Maryanne,McAndrew,mmcandrewb5@sciencedirect.com,Female
403,Quintana,MacKey,qmackeyb6@squidoo.com,Female
404,Umeko,Jolin,ujolinb7@usgs.gov,Female
405,Erv,Ashley,eashleyb8@github.io,Male
406,Laural,Skells,lskellsb9@slashdot.org,Female
407,Tito,Venton,tventonba@imdb.com,Male
408,Jeromy,Corter,jcorterbb@surveymonkey.com,Male
409,Claudetta,Sanz,csanzbc@ustream.tv,Female
410,Aguie,Wohlers,awohlersbd@bluehost.com,Male
411,Juana,McGuckin,jmcguckinbe@npr.org,Female
412,Findley,Brothwell,fbrothwellbf@ft.com,Male
413,Lola,Kayley,lkayleybg@bloomberg.com,Female
414,Humberto,Lucey,hluceybh@php.net,Male
415,Ricard,Cubitt,rcubittbi@archive.org,Male
416,Chastity,Simco,csimcobj@independent.co.uk,Bigender
417,Ciro,Dainty,cdaintybk@tripod.com,Male
418,Lanita,Stanborough,lstanboroughbl@desdev.cn,Female
419,Thibaud,Ceci,tcecibm@unesco.org,Male
420,Jacki,Espasa,jespasabn@prnewswire.com,Genderqueer
421,Christos,Glidder,cglidderbo@webs.com,Male
422,Sena,Pee,speebp@discuz.net,Female
423,Arvy,Logsdail,alogsdailbq@ted.com,Male
424,Colas,Dougan,cdouganbr@google.es,Male
425,Mireielle,Booij,mbooijbs@fotki.com,Female
426,Ronald,Letertre,rletertrebt@desdev.cn,Male
427,Bord,Casarini,bcasarinibu@msn.com,Male
428,Sammy,Skene,sskenebv@va.gov,Female
429,Hanny,Valiant,hvaliantbw@toplist.cz,Female
430,Elwyn,Paolozzi,epaolozzibx@symantec.com,Male
431,Cindra,Hazlegrove,chazlegroveby@zdnet.com,Female
432,Felicio,Ferson,ffersonbz@cbsnews.com,Male
433,Saraann,Culmer,sculmerc0@cdc.gov,Female
434,Pen,Bartell,pbartellc1@princeton.edu,Female
435,Kath,Pawsey,kpawseyc2@amazonaws.com,Female
436,Tuck,Conrath,tconrathc3@yolasite.com,Male
437,Gladi,Hiorn,ghiornc4@ibm.com,Female
438,Flynn,Vickers,fvickersc5@blinklist.com,Male
439,Ki,Marcum,kmarcumc6@paginegialle.it,Female
440,Marsh,Cinderey,mcindereyc7@ed.gov,Male
441,Bradan,Rops,bropsc8@smugmug.com,Male
442,Angel,Duran,aduranc9@va.gov,Genderqueer
443,Algernon,Peyes,apeyesca@about.com,Male
444,Lyndsie,Michell,lmichellcb@unblog.fr,Female
445,Babb,Kebbell,bkebbellcc@purevolume.com,Female
446,Shanta,Coppens,scoppenscd@smh.com.au,Female
447,Domenic,Shannahan,dshannahance@admin.ch,Male
448,Kristal,Tower,ktowercf@accuweather.com,Female
449,Waverley,Tatershall,wtatershallcg@foxnews.com,Male
450,Haywood,Merill,hmerillch@is.gd,Male
451,Belia,Andresser,bandresserci@google.co.jp,Female
452,Roda,Pughe,rpughecj@tripod.com,Female
453,Michaeline,Corran,mcorranck@buzzfeed.com,Female
454,Gwenni,Bever,gbevercl@ucla.edu,Female
455,Auroora,Anwell,aanwellcm@ovh.net,Female
456,Archy,Jonathon,ajonathoncn@cpanel.net,Male
457,Albert,Philippsohn,aphilippsohnco@homestead.com,Male
458,Hirsch,Jayne,hjaynecp@bluehost.com,Male
459,Carny,Day,cdaycq@fc2.com,Male
460,Lebbie,Surgison,lsurgisoncr@i2i.jp,Female
461,Jens,Gurnay,jgurnaycs@nba.com,Male
462,Vernice,Wernham,vwernhamct@alexa.com,Female
463,Arlan,Capponer,acapponercu@sohu.com,Male
464,Robbie,Schottli,rschottlicv@businesswire.com,Female
465,Karalynn,Brixham,kbrixhamcw@wunderground.com,Female
466,Winny,Drewes,wdrewescx@wordpress.com,Male
467,Evy,Dunlap,edunlapcy@blogspot.com,Female
468,Zebedee,Marchbank,zmarchbankcz@gov.uk,Male
469,Mendie,Peirazzi,mpeirazzid0@weebly.com,Male
470,Christean,Stratiff,cstratiffd1@answers.com,Female
471,Lorettalorna,Werndly,lwerndlyd2@cafepress.com,Female
472,Lynelle,Ainslee,lainsleed3@youku.com,Female
473,Lenci,Polden,lpoldend4@drupal.org,Male
474,Lydon,Chuter,lchuterd5@sciencedaily.com,Male
475,George,Pashan,gpashand6@upenn.edu,Male
476,Violetta,Allom,vallomd7@dion.ne.jp,Female
477,Georgeta,Trubshawe,gtrubshawed8@mit.edu,Agender
478,Fonzie,Guilloux,fguillouxd9@gravatar.com,Male
479,Arlana,Pickthall,apickthallda@senate.gov,Female
480,Christophorus,Klink,cklinkdb@techcrunch.com,Male
481,Orelle,Jewett,ojewettdc@comsenz.com,Female
482,Vanni,Pontain,vpontaindd@ebay.com,Female
483,Bobby,Culy,bculyde@timesonline.co.uk,Male
484,Albie,Bartosinski,abartosinskidf@purevolume.com,Male
485,Tome,Scimoni,tscimonidg@google.pl,Male
486,Bathsheba,Flarity,bflaritydh@techcrunch.com,Female
487,Fabe,Melly,fmellydi@edublogs.org,Male
488,Armando,Hundley,ahundleydj@upenn.edu,Male
489,Tallie,Hugk,thugkdk@google.com.au,Female
490,Veronica,Cossem,vcossemdl@disqus.com,Female
491,Valenka,Willshee,vwillsheedm@tamu.edu,Female
492,Jesselyn,Gratland,jgratlanddn@shop-pro.jp,Female
493,Garrett,Goodoune,ggoodounedo@businessweek.com,Male
494,Bobbye,Brockherst,bbrockherstdp@chronoengine.com,Female
495,Shalom,Caines,scainesdq@paginegialle.it,Male
496,Baillie,Tern,bterndr@blog.com,Male
497,Angelo,Dimmock,adimmockds@businessweek.com,Male
498,Nisse,Yurin,nyurindt@hostgator.com,Female
499,Andreana,Pasek,apasekdu@netvibes.com,Female
500,Tonia,Gates,tgatesdv@toplist.cz,Female
501,Kristoffer,Gunther,kguntherdw@slideshare.net,Male
502,Welbie,Ledner,wlednerdx@arizona.edu,Polygender
503,Aviva,Ginley,aginleydy@google.ca,Female
504,Barney,Fromant,bfromantdz@tamu.edu,Polygender
505,Eddy,Hutten,ehuttene0@nymag.com,Male
506,Kesley,Geelan,kgeelane1@home.pl,Female
507,Chandler,Venart,cvenarte2@networkadvertising.org,Male
508,Fanni,Vosper,fvospere3@discuz.net,Female
509,Anjanette,Brenstuhl,abrenstuhle4@spotify.com,Female
510,Faulkner,Alenikov,falenikove5@thetimes.co.uk,Male
511,Bond,Philipeaux,bphilipeauxe6@google.ru,Male
512,Brynn,Colhoun,bcolhoune7@who.int,Female
513,Jamill,Collier,jcolliere8@cafepress.com,Male
514,Chrisse,Smartman,csmartmane9@comsenz.com,Male
515,Kellie,Stringer,kstringerea@i2i.jp,Female
516,Hobart,Dubble,hdubbleeb@com.com,Male
517,Basil,Cheng,bchengec@woothemes.com,Male
518,Maximilian,Cunningham,mcunninghamed@cnet.com,Male
519,Hunter,Hollindale,hhollindaleee@networksolutions.com,Male
520,Aldin,Waterhowse,awaterhowseef@goo.gl,Male
521,Giulia,Chardin,gchardineg@ihg.com,Female
522,Aleksandr,Matyushonok,amatyushonokeh@qq.com,Male
523,Blair,Greber,bgreberei@last.fm,Male
524,Alasdair,Gayler,agaylerej@liveinternet.ru,Male
525,Lamar,Carruthers,lcarruthersek@uol.com.br,Male
526,Hedvige,Warlow,hwarlowel@gmpg.org,Female
527,Kiel,Lambillion,klambillionem@time.com,Male
528,Tabitha,Abrahamsson,tabrahamssonen@jiathis.com,Polygender
529,Hilary,O'Mara,homaraeo@springer.com,Female
530,Evelin,Lyddyard,elyddyardep@chronoengine.com,Male
531,Rad,Snooks,rsnookseq@scientificamerican.com,Male
532,Waylen,Davana,wdavanaer@google.co.uk,Male
533,Janos,Ayars,jayarses@shop-pro.jp,Male
534,Lindy,Cunradi,lcunradiet@netlog.com,Male
535,Barb,Rothman,brothmaneu@lulu.com,Female
536,Bat,Stemp,bstempev@shutterfly.com,Male
537,Ahmad,Ryves,aryvesew@stanford.edu,Male
538,Kirstin,Kynston,kkynstonex@opensource.org,Female
539,Elysia,O'Rudden,eoruddeney@squidoo.com,Female
540,Gerladina,Marskell,gmarskellez@typepad.com,Genderqueer
541,Kristopher,M'cowis,kmcowisf0@qq.com,Male
542,Ilyssa,Sizey,isizeyf1@ft.com,Female
543,Torr,Maffioni,tmaffionif2@nature.com,Male
544,Corby,Simonard,csimonardf3@google.ca,Male
545,Desirae,Leban,dlebanf4@dion.ne.jp,Female
546,Fin,Bolland,fbollandf5@github.com,Male
547,Eugine,Killby,ekillbyf6@booking.com,Female
548,Jackson,Itzkov,jitzkovf7@hostgator.com,Male
549,Dorella,Russi,drussif8@jiathis.com,Female
550,Joane,Scholl,jschollf9@indiatimes.com,Agender
551,Janie,Kerfut,jkerfutfa@wordpress.com,Female
552,Antonius,Wisbey,awisbeyfb@google.co.uk,Genderqueer
553,Andriette,Peasgood,apeasgoodfc@phoca.cz,Female
554,Brnaba,Pietrusiak,bpietrusiakfd@jiathis.com,Male
555,Krissie,Warrick,kwarrickfe@hc360.com,Female
556,Hillyer,Girodon,hgirodonff@freewebs.com,Male
557,Adriena,Penkman,apenkmanfg@fastcompany.com,Female
558,Erich,Watkins,ewatkinsfh@altervista.org,Genderfluid
559,Jody,Robshaw,jrobshawfi@alexa.com,Male
560,Haskell,Parkyn,hparkynfj@slashdot.org,Male
561,Tan,Ors,torsfk@microsoft.com,Male
562,Gardner,Hulatt,ghulattfl@taobao.com,Male
563,Percy,Grisewood,pgrisewoodfm@webnode.com,Male
564,Smitty,Farrar,sfarrarfn@tamu.edu,Male
565,Flossy,Crossfield,fcrossfieldfo@youtu.be,Female
566,Jard,Haysey,jhayseyfp@addtoany.com,Male
567,Vergil,Cod,vcodfq@slideshare.net,Bigender
568,Lura,Hambrook,lhambrookfr@apache.org,Female
569,Hamlin,Clarkin,hclarkinfs@uiuc.edu,Male
570,Dorri,Kochl,dkochlft@europa.eu,Female
571,Di,Miller,dmillerfu@multiply.com,Female
572,Nolana,Golden of Ireland,ngoldenofirelandfv@slashdot.org,Female
573,Dareen,Twidle,dtwidlefw@yellowpages.com,Female
574,Brewster,Meijer,bmeijerfx@desdev.cn,Agender
575,Rhodia,Pietzner,rpietznerfy@jimdo.com,Female
576,Jannelle,Pendlebery,jpendleberyfz@economist.com,Female
577,Bram,Gilhool,bgilhoolg0@mit.edu,Male
578,Greggory,Volante,gvolanteg1@exblog.jp,Male
579,Malory,Gilston,mgilstong2@discuz.net,Female
580,Brig,Bigrigg,bbigriggg3@hubpages.com,Male
581,Fred,Wickett,fwickettg4@163.com,Male
582,Cointon,Louden,cloudeng5@nps.gov,Male
583,Quentin,Jenton,qjentong6@twitpic.com,Male
584,Mervin,Fortune,mfortuneg7@auda.org.au,Polygender
585,Ari,Pearmain,apearmaing8@mayoclinic.com,Male
586,Gwennie,Belcher,gbelcherg9@wikimedia.org,Female
587,Aluin,Ivashkin,aivashkinga@gravatar.com,Male
588,Frazier,Manueau,fmanueaugb@craigslist.org,Male
589,Morna,Vasichev,mvasichevgc@vkontakte.ru,Female
590,Hamish,Newlands,hnewlandsgd@blogger.com,Male
591,Gorden,Kike,gkikege@quantcast.com,Non-binary
592,Fayette,Roscam,froscamgf@nationalgeographic.com,Female
593,Stacey,MacAlpine,smacalpinegg@taobao.com,Female
594,Brice,Stickney,bstickneygh@jigsy.com,Male
595,Cordie,Crisall,ccrisallgi@marriott.com,Female
596,Trefor,Nicklinson,tnicklinsongj@sphinn.com,Male
597,Trudey,Huzzay,thuzzaygk@constantcontact.com,Female
598,Winnie,Hearley,whearleygl@123-reg.co.uk,Agender
599,Sinclare,Adderley,sadderleygm@ibm.com,Male
600,Justis,Wildbore,jwildboregn@bing.com,Male
601,Torrence,Mabbot,tmabbotgo@globo.com,Male
602,Giralda,Drepp,gdreppgp@pcworld.com,Female
603,Ulrikaumeko,Lukash,ulukashgq@newsvine.com,Female
604,Andriette,Stoker,astokergr@list-manage.com,Female
605,Harrietta,Kerne,hkernegs@jalbum.net,Female
606,Casey,Bischof,cbischofgt@mediafire.com,Male
607,Ab,Bolzmann,abolzmanngu@pinterest.com,Male
608,Maxy,Batiste,mbatistegv@elegantthemes.com,Female
609,Jakob,Iczokvitz,jiczokvitzgw@google.nl,Male
610,Pierce,Lazenby,plazenbygx@people.com.cn,Male
611,Bobette,Stephen,bstephengy@jiathis.com,Female
612,Frazier,Sowle,fsowlegz@dion.ne.jp,Male
613,Scarlett,Carver,scarverh0@biglobe.ne.jp,Female
614,Brant,Teese,bteeseh1@google.ca,Male
615,Goddard,Kaas,gkaash2@home.pl,Agender
616,Homere,Peasby,hpeasbyh3@stumbleupon.com,Polygender
617,Malvin,Spadeck,mspadeckh4@abc.net.au,Male
618,Marshall,West,mwesth5@google.co.jp,Male
619,Ibrahim,Pawle,ipawleh6@princeton.edu,Male
620,Roland,Sloyan,rsloyanh7@bigcartel.com,Male
621,Glenn,MacTeague,gmacteagueh8@oaic.gov.au,Female
622,Berthe,Molan,bmolanh9@va.gov,Female
623,Ashbey,Casley,acasleyha@diigo.com,Male
624,Jervis,Verralls,jverrallshb@ocn.ne.jp,Male
625,Dennis,Pennycuick,dpennycuickhc@accuweather.com,Male
626,Alford,Nutter,anutterhd@joomla.org,Male
627,Gustavo,Mangenet,gmangenethe@cnet.com,Male
628,Shepherd,Isworth,sisworthhf@github.io,Male
629,Ophelie,Cerman,ocermanhg@businessinsider.com,Female
630,Lou,Ivanisov,livanisovhh@networksolutions.com,Male
631,Stanly,Kirvin,skirvinhi@uol.com.br,Male
632,Glen,Vassel,gvasselhj@answers.com,Female
633,Elijah,Hails,ehailshk@princeton.edu,Male
634,Nye,Brennen,nbrennenhl@over-blog.com,Male
635,Vin,Mengo,vmengohm@newsvine.com,Female
636,Lewiss,Bedow,lbedowhn@g.co,Male
637,Orland,Zavattiero,ozavattieroho@usnews.com,Male
638,Graeme,Hembrow,ghembrowhp@ning.com,Male
639,Ariadne,Revance,arevancehq@cornell.edu,Female
640,Judon,Chastanet,jchastanethr@wiley.com,Male
641,Barnaby,Lynock,blynockhs@senate.gov,Male
642,Antin,Hambelton,ahambeltonht@independent.co.uk,Male
643,Brod,Brigden,bbrigdenhu@ucla.edu,Male
644,Fergus,Gawkes,fgawkeshv@ox.ac.uk,Male
645,Bayard,Patrono,bpatronohw@jiathis.com,Male
646,Jarret,Cafe,jcafehx@umich.edu,Male
647,Blayne,Bavage,bbavagehy@istockphoto.com,Male
648,Cad,Entissle,centisslehz@quantcast.com,Male
649,Garfield,Cristofaro,gcristofaroi0@ifeng.com,Male
650,Kath,Labbet,klabbeti1@springer.com,Female
651,Aviva,Luxen,aluxeni2@geocities.com,Genderqueer
652,Kimmy,Le Monnier,klemonnieri3@google.ca,Female
653,Abagael,Lillicrap,alillicrapi4@tripod.com,Female
654,Kathrine,Craise,kcraisei5@networkadvertising.org,Female
655,Josy,Wiltshaw,jwiltshawi6@google.com.br,Female
656,Ugo,Gatecliffe,ugatecliffei7@webmd.com,Male
657,Arie,Glyssanne,aglyssannei8@ameblo.jp,Male
658,Felice,Breissan,fbreissani9@state.tx.us,Male
659,Robb,Stanman,rstanmania@github.com,Male
660,Ursulina,Broadway,ubroadwayib@mac.com,Female
661,Winnifred,Walcar,wwalcaric@gravatar.com,Female
662,Penn,Teal,ptealid@dailymail.co.uk,Male
663,Bowie,Ramberg,brambergie@opera.com,Male
664,Blythe,Klimentyonok,bklimentyonokif@instagram.com,Female
665,Ursuline,Muttitt,umuttittig@cnn.com,Female
666,Kassey,Stockle,kstockleih@ustream.tv,Genderfluid
667,Sharlene,Droogan,sdrooganii@sfgate.com,Female
668,Judith,Maruszewski,jmaruszewskiij@prlog.org,Female
669,Renee,Halsted,rhalstedik@cargocollective.com,Female
670,Ugo,Cornelleau,ucornelleauil@dropbox.com,Male
671,Valery,Grant,vgrantim@apache.org,Female
672,Patrick,Mattioli,pmattioliin@merriam-webster.com,Male
673,Rochella,Shard,rshardio@goo.ne.jp,Female
674,Martina,Wenger,mwengerip@bing.com,Polygender
675,Cheston,Vivien,cvivieniq@fotki.com,Non-binary
676,Alisun,Pinard,apinardir@java.com,Female
677,Rahal,Schoffel,rschoffelis@freewebs.com,Female
678,Artair,Ridolfo,aridolfoit@google.cn,Male
679,Gerri,Idel,gideliu@mapy.cz,Female
680,Retha,Redwood,rredwoodiv@desdev.cn,Non-binary
681,Justinn,Kahen,jkaheniw@homestead.com,Female
682,Gordy,Inch,ginchix@gnu.org,Male
683,Leda,Kik,lkikiy@disqus.com,Female
684,Trixie,Armer,tarmeriz@histats.com,Female
685,Hedwiga,Sine,hsinej0@amazon.com,Female
686,Zebulen,Airy,zairyj1@ted.com,Male
687,Gusti,Lopes,glopesj2@dedecms.com,Non-binary
688,Joyce,Reyburn,jreyburnj3@typepad.com,Female
689,Jacqui,Casaccio,jcasaccioj4@deviantart.com,Female
690,Ruby,Hritzko,rhritzkoj5@devhub.com,Male
691,Brooke,Ozanne,bozannej6@nsw.gov.au,Male
692,Jodee,Schwandermann,jschwandermannj7@ezinearticles.com,Female
693,Obediah,Issitt,oissittj8@51.la,Male
694,Lorens,Naden,lnadenj9@jigsy.com,Male
695,Smith,Sainthill,ssainthillja@ed.gov,Male
696,Roanna,Wivell,rwivelljb@hubpages.com,Female
697,Norman,Queenborough,nqueenboroughjc@jigsy.com,Male
698,Melanie,Lightbourn,mlightbournjd@about.me,Female
699,Leonardo,Stannus,lstannusje@livejournal.com,Male
700,Moreen,Tumayan,mtumayanjf@paginegialle.it,Female
701,Margalo,Izakovitz,mizakovitzjg@salon.com,Female
702,Lani,Trout,ltroutjh@cpanel.net,Female
703,Courtenay,Pietri,cpietriji@springer.com,Female
704,Padgett,MacAskie,pmacaskiejj@timesonline.co.uk,Male
705,Jock,Dunthorn,jdunthornjk@elpais.com,Male
706,Alaster,Tireman,atiremanjl@java.com,Male
707,Kristoffer,Kearney,kkearneyjm@usa.gov,Male
708,Olwen,Arthur,oarthurjn@myspace.com,Female
709,Jessy,Sagrott,jsagrottjo@prnewswire.com,Female
710,Norman,MacAdam,nmacadamjp@hatena.ne.jp,Male
711,Merrill,Keable,mkeablejq@rediff.com,Polygender
712,Mickey,Hulse,mhulsejr@ning.com,Male
713,Clair,Paddon,cpaddonjs@furl.net,Genderqueer
714,Clayton,Dunnan,cdunnanjt@wp.com,Agender
715,Coralie,Cunliffe,ccunliffeju@php.net,Female
716,Charmain,Borrow,cborrowjv@tinyurl.com,Female
717,Ossie,Zelake,ozelakejw@cafepress.com,Male
718,Birgitta,Wolfinger,bwolfingerjx@is.gd,Polygender
719,Mellisent,Beckles,mbecklesjy@vk.com,Female
720,Zorine,Cussen,zcussenjz@msu.edu,Female
721,Giff,Flaverty,gflavertyk0@loc.gov,Male
722,Estel,Ingram,eingramk1@dropbox.com,Female
723,Emmerich,Borsnall,eborsnallk2@usa.gov,Male
724,Kaylee,Dovermann,kdovermannk3@washingtonpost.com,Female
725,Albina,Cable,acablek4@baidu.com,Female
726,Judye,Burlingame,jburlingamek5@google.pl,Female
727,Viviyan,Prine,vprinek6@mtv.com,Female
728,Lucia,Phinn,lphinnk7@g.co,Female
729,Joseph,Scryne,jscrynek8@surveymonkey.com,Male
730,Gerik,Cazin,gcazink9@unicef.org,Male
731,Nicolais,Glantz,nglantzka@house.gov,Male
732,Olav,Saurat,osauratkb@tumblr.com,Male
733,Jason,Braferton,jbrafertonkc@webeden.co.uk,Male
734,Kincaid,Alvares,kalvareskd@forbes.com,Male
735,Dee dee,Cornwall,dcornwallke@example.com,Female
736,Florry,Dorney,fdorneykf@trellian.com,Female
737,Kaia,Tallow,ktallowkg@i2i.jp,Female
738,Sheilakathryn,Tremmel,stremmelkh@nps.gov,Female
739,Lia,Skates,lskateski@upenn.edu,Bigender
740,Phillipp,Botten,pbottenkj@furl.net,Male
741,Clemence,Josephy,cjosephykk@blinklist.com,Female
742,Meade,Kiehnlt,mkiehnltkl@comcast.net,Male
743,Janos,Eccles,jeccleskm@woothemes.com,Male
744,Kaylyn,Chominski,kchominskikn@umn.edu,Female
745,Tomas,Hacker,thackerko@technorati.com,Male
746,Thea,Licari,tlicarikp@about.com,Female
747,Caro,Barsham,cbarshamkq@blogtalkradio.com,Female
748,Wade,Inkles,winkleskr@discuz.net,Male
749,Berkly,Gamil,bgamilks@xinhuanet.com,Male
750,Georgy,Lightollers,glightollerskt@about.me,Male
751,Vernor,Getten,vgettenku@abc.net.au,Male
752,Reuben,Tydd,rtyddkv@cargocollective.com,Polygender
753,Cathyleen,Gaines,cgaineskw@nature.com,Female
754,Germaine,Batterbee,gbatterbeekx@harvard.edu,Male
755,Tarra,Cestard,tcestardky@infoseek.co.jp,Female
756,Padraic,Orr,porrkz@apache.org,Male
757,Humberto,Hardiman,hhardimanl0@oracle.com,Male
758,Lilllie,Gavriel,lgavriell1@ehow.com,Female
759,Valry,Cossons,vcossonsl2@vk.com,Female
760,Ursola,Volonte,uvolontel3@is.gd,Female
761,Brigid,Ronchka,bronchkal4@joomla.org,Female
762,Cheslie,Wasylkiewicz,cwasylkiewiczl5@tuttocitta.it,Agender
763,Tremayne,Hessenthaler,thessenthalerl6@desdev.cn,Male
764,Hobey,Farley,hfarleyl7@goo.ne.jp,Male
765,Jody,Hunting,jhuntingl8@utexas.edu,Female
766,Kaylee,Hatherell,khatherelll9@lulu.com,Female
767,Ced,Shoreman,cshoremanla@issuu.com,Male
768,Sean,D'eathe,sdeathelb@unblog.fr,Female
769,Patrick,Derrick,pderricklc@barnesandnoble.com,Male
770,Dunn,Heather,dheatherld@meetup.com,Male
771,Margit,Fidler,mfidlerle@blinklist.com,Female
772,Winni,Normanell,wnormanelllf@is.gd,Agender
773,Herrick,Scutchin,hscutchinlg@nps.gov,Male
774,Brod,Paternoster,bpaternosterlh@vkontakte.ru,Male
775,Bastien,Everit,beveritli@alibaba.com,Male
776,Cully,Godthaab,cgodthaablj@cnet.com,Male
777,Aharon,Mainds,amaindslk@w3.org,Male
778,Theodora,Morratt,tmorrattll@nbcnews.com,Genderqueer
779,Elset,Alman,ealmanlm@walmart.com,Female
780,Garwin,Seed,gseedln@un.org,Male
781,Mab,Le-Good,mlegoodlo@addtoany.com,Female
782,Broderic,Erbain,berbainlp@usnews.com,Male
783,Aluino,Birrell,abirrelllq@google.ru,Male
784,Nial,Sonley,nsonleylr@unesco.org,Male
785,Anthea,Wyche,awychels@cocolog-nifty.com,Female
786,Vicki,Kettle,vkettlelt@drupal.org,Female
787,Ashby,Garritley,agarritleylu@about.me,Male
788,Guilbert,Menilove,gmenilovelv@delicious.com,Male
789,Grady,Houtbie,ghoutbielw@addthis.com,Male
790,Liz,Kidson,lkidsonlx@ustream.tv,Agender
791,King,Knottley,kknottleyly@tumblr.com,Male
792,Boy,Labbez,blabbezlz@uiuc.edu,Bigender
793,Godwin,Kubiak,gkubiakm0@umich.edu,Male
794,Frederico,Shakeshaft,fshakeshaftm1@parallels.com,Male
795,Benjie,Innocent,binnocentm2@ehow.com,Male
796,Woodrow,Squires,wsquiresm3@slideshare.net,Male
797,Daisey,Coales,dcoalesm4@wikimedia.org,Female
798,Molli,Nolot,mnolotm5@ed.gov,Genderqueer
799,Zsazsa,Simmon,zsimmonm6@google.com.hk,Female
800,Nickolaus,Wennam,nwennamm7@shutterfly.com,Male
801,Crissie,Sein,cseinm8@utexas.edu,Female
802,Guillema,Egan,geganm9@mediafire.com,Genderfluid
803,Dory,Dobel,ddobelma@slideshare.net,Male
804,Linc,Fortye,lfortyemb@nytimes.com,Male
805,Malcolm,Hellyer,mhellyermc@mashable.com,Male
806,Flin,Tacey,ftaceymd@delicious.com,Male
807,Muire,Picardo,mpicardome@discovery.com,Female
808,Hollyanne,Birchner,hbirchnermf@photobucket.com,Female
809,Hilliard,Pimlott,hpimlottmg@sun.com,Male
810,Giovanni,Bossel,gbosselmh@live.com,Male
811,Ragnar,Scarasbrick,rscarasbrickmi@npr.org,Male
812,Joyan,Songust,jsongustmj@spotify.com,Female
813,Astrix,Stephens,astephensmk@reverbnation.com,Female
814,Luisa,Pelfer,lpelferml@csmonitor.com,Female
815,Christen,Fidelli,cfidellimm@topsy.com,Non-binary
816,Myrwyn,Clemenson,mclemensonmn@sogou.com,Male
817,Florence,Piddle,fpiddlemo@jigsy.com,Female
818,Jerald,Quakley,jquakleymp@census.gov,Male
819,August,Ventam,aventammq@biglobe.ne.jp,Male
820,Leyla,McEntagart,lmcentagartmr@jugem.jp,Female
821,Willa,Kingaby,wkingabyms@csmonitor.com,Female
822,Janaya,Lathey,jlatheymt@nymag.com,Polygender
823,Shanta,McTeggart,smcteggartmu@themeforest.net,Female
824,Obadias,Brandreth,obrandrethmv@google.cn,Male
825,Conn,Waleworke,cwaleworkemw@hao123.com,Male
826,Tawsha,Irvin,tirvinmx@printfriendly.com,Female
827,Cinderella,Snead,csneadmy@businesswire.com,Female
828,Fred,Buesden,fbuesdenmz@artisteer.com,Male
829,Alexander,Ferson,afersonn0@geocities.jp,Male
830,Derrek,Powe,dpowen1@tinyurl.com,Male
831,Yvor,Stathor,ystathorn2@google.pl,Male
832,Keary,Abden,kabdenn3@europa.eu,Male
833,Homerus,Rowsel,hrowseln4@issuu.com,Male
834,Ruggiero,Fuidge,rfuidgen5@yelp.com,Male
835,Emelita,Hargraves,ehargravesn6@va.gov,Female
836,Krystle,Rodders,kroddersn7@cocolog-nifty.com,Female
837,Monika,Pretsell,mpretselln8@sohu.com,Female
838,Nicolette,Attrie,nattrien9@icq.com,Female
839,Jessie,Shillinglaw,jshillinglawna@blinklist.com,Male
840,Augusta,Stood,astoodnb@google.com,Female
841,Harlen,Rowler,hrowlernc@skype.com,Male
842,Reinald,Blythe,rblythend@wikimedia.org,Male
843,Lynnell,Moodey,lmoodeyne@army.mil,Female
844,Christiana,Dowgill,cdowgillnf@mlb.com,Female
845,Whitney,Leverson,wleversonng@admin.ch,Male
846,Ilse,Bradborne,ibradbornenh@meetup.com,Female
847,Guthrey,Comley,gcomleyni@umich.edu,Male
848,Brynna,Scanterbury,bscanterburynj@statcounter.com,Female
849,Howard,Sussans,hsussansnk@soundcloud.com,Male
850,Cammy,Coskerry,ccoskerrynl@abc.net.au,Male
851,Kanya,Bousquet,kbousquetnm@posterous.com,Female
852,Yoshi,Rist,yristnn@technorati.com,Female
853,Carmel,Laible,claibleno@illinois.edu,Female
854,Laural,Cordie,lcordienp@epa.gov,Female
855,Anne,Fantini,afantininq@paginegialle.it,Female
856,Batsheva,Hoyt,bhoytnr@goodreads.com,Female
857,Nerty,Peacocke,npeacockens@barnesandnoble.com,Female
858,Dede,Lyste,dlystent@spotify.com,Female
859,Vivyanne,Grierson,vgriersonnu@seattletimes.com,Female
860,Syman,Balcers,sbalcersnv@examiner.com,Genderqueer
861,Sadella,Cardwell,scardwellnw@drupal.org,Non-binary
862,Rhianna,Rookesby,rrookesbynx@gnu.org,Female
863,Gustav,Manzell,gmanzellny@wordpress.org,Male
864,Wenda,Rogliero,wroglieronz@ocn.ne.jp,Female
865,Raimondo,Newnham,rnewnhamo0@msn.com,Male
866,Doralyn,Riping,dripingo1@cyberchimps.com,Female
867,Skylar,Rangell,srangello2@linkedin.com,Male
868,Jillian,Karle,jkarleo3@mediafire.com,Agender
869,Tarra,Rosberg,trosbergo4@nymag.com,Polygender
870,Conroy,Gettins,cgettinso5@deliciousdays.com,Male
871,Harland,Povall,hpovallo6@jiathis.com,Male
872,Irwin,Janowicz,ijanowiczo7@mac.com,Male
873,Sisile,Weavers,sweaverso8@noaa.gov,Agender
874,Evelin,Labram,elabramo9@eventbrite.com,Male
875,Desmond,Caillou,dcaillouoa@cnn.com,Male
876,Andie,Bearne,abearneob@cisco.com,Female
877,Fredrika,Killshaw,fkillshawoc@macromedia.com,Female
878,Jane,Laurentin,jlaurentinod@yahoo.com,Female
879,Eada,Fadian,efadianoe@amazon.com,Female
880,Nicko,Dow,ndowof@whitehouse.gov,Male
881,Gabrila,Getcliff,ggetcliffog@nhs.uk,Female
882,Merrel,Hames,mhamesoh@sun.com,Male
883,Emeline,Karolowski,ekarolowskioi@forbes.com,Female
884,Whitaker,Dwerryhouse,wdwerryhouseoj@discuz.net,Bigender
885,Ethyl,McTurk,emcturkok@pinterest.com,Genderqueer
886,Giles,Backs,gbacksol@imageshack.us,Male
887,Renato,Duerdin,rduerdinom@dot.gov,Male
888,Jimmie,Orpyne,jorpyneon@answers.com,Male
889,Axel,Dillicate,adillicateoo@microsoft.com,Male
890,Phaidra,Grimolbie,pgrimolbieop@mac.com,Female
891,Godart,Antcliff,gantcliffoq@printfriendly.com,Male
892,Verne,Thirsk,vthirskor@si.edu,Male
893,Ceciley,Oldacre,coldacreos@usnews.com,Female
894,Brietta,Cowling,bcowlingot@google.com.au,Female
895,Niven,Valentim,nvalentimou@japanpost.jp,Male
896,Darius,Sager,dsagerov@discovery.com,Male
897,Ainslie,MacClay,amacclayow@nature.com,Female
898,Linnet,Showler,lshowlerox@theatlantic.com,Agender
899,Gherardo,Farra,gfarraoy@telegraph.co.uk,Polygender
900,Maurice,Stanway,mstanwayoz@tuttocitta.it,Male
901,Erl,Maneylaws,emaneylawsp0@diigo.com,Male
902,Shena,Pablos,spablosp1@rakuten.co.jp,Female
903,Kristofer,Treweela,ktreweelap2@foxnews.com,Male
904,Cornell,Orteaux,corteauxp3@feedburner.com,Male
905,Terrence,Garden,tgardenp4@usgs.gov,Male
906,Clemmie,St. Clair,cstclairp5@ovh.net,Female
907,Leonora,Deighan,ldeighanp6@cbsnews.com,Polygender
908,Mufinella,Ruddock,mruddockp7@hhs.gov,Female
909,Neill,Grigoire,ngrigoirep8@nih.gov,Genderfluid
910,Dacey,Muldoon,dmuldoonp9@jigsy.com,Female
911,Pris,Blow,pblowpa@biblegateway.com,Female
912,Cathryn,Dunnico,cdunnicopb@furl.net,Female
913,Collen,Abramowitz,cabramowitzpc@twitpic.com,Female
914,Gardy,Burkman,gburkmanpd@constantcontact.com,Male
915,Natty,Blockwell,nblockwellpe@foxnews.com,Female
916,Ethelind,Stratiff,estratiffpf@eventbrite.com,Female
917,Hunfredo,Rappaport,hrappaportpg@indiatimes.com,Male
918,Joelly,Cloughton,jcloughtonph@uiuc.edu,Female
919,Rosene,Paylie,rpayliepi@goo.gl,Female
920,Rori,Benham,rbenhampj@bloglovin.com,Female
921,Colly,Dreini,cdreinipk@fda.gov,Female
922,Merwin,Bellin,mbellinpl@mit.edu,Male
923,Ruby,Armand,rarmandpm@ustream.tv,Male
924,Sanderson,Kirkness,skirknesspn@google.ru,Male
925,Hunfredo,Pragnall,hpragnallpo@fda.gov,Male
926,Neill,Orgel,norgelpp@friendfeed.com,Male
927,Joscelin,Belison,jbelisonpq@berkeley.edu,Female
928,Warren,Goreway,wgorewaypr@pinterest.com,Male
929,Adella,Feld,afeldps@godaddy.com,Female
930,Farra,Hargrave,fhargravept@mayoclinic.com,Female
931,Elvin,Benford,ebenfordpu@netscape.com,Male
932,Hillary,Sandry,hsandrypv@e-recht24.de,Female
933,Grantley,Hugues,ghuguespw@domainmarket.com,Male
934,Anabel,Ovendon,aovendonpx@purevolume.com,Female
935,Oates,Joannet,ojoannetpy@archive.org,Male
936,Odilia,Helliker,ohellikerpz@huffingtonpost.com,Female
937,Raoul,Stringfellow,rstringfellowq0@cdbaby.com,Male
938,Koenraad,Morston,kmorstonq1@lulu.com,Male
939,Had,Chugg,hchuggq2@a8.net,Male
940,Pembroke,Moorman,pmoormanq3@fema.gov,Male
941,Lorin,Danielsson,ldanielssonq4@hp.com,Male
942,Clemente,Mouget,cmougetq5@addtoany.com,Male
943,Gregg,Zylbermann,gzylbermannq6@amazon.co.jp,Male
944,Hilliary,Jent,hjentq7@omniture.com,Non-binary
945,Audie,Beaver,abeaverq8@cisco.com,Female
946,Amos,Stainbridge,astainbridgeq9@storify.com,Non-binary
947,Roseanne,Lightman,rlightmanqa@wordpress.com,Female
948,Nancee,Blunn,nblunnqb@answers.com,Female
949,Delcine,Scrivens,dscrivensqc@hubpages.com,Female
950,Katee,Bruck,kbruckqd@omniture.com,Female
951,Sharlene,Oakenfall,soakenfallqe@123-reg.co.uk,Female
952,Natalie,Harley,nharleyqf@alibaba.com,Genderqueer
953,Penelopa,Josse,pjosseqg@dagondesign.com,Female
954,Gibby,Gillum,ggillumqh@tripadvisor.com,Male
955,Giraud,Kilbane,gkilbaneqi@seesaa.net,Male
956,Agathe,Bedrosian,abedrosianqj@fc2.com,Female
957,Emmett,Berrisford,eberrisfordqk@army.mil,Male
958,Rickey,Sheilds,rsheildsql@wsj.com,Male
959,Nedi,Durdle,ndurdleqm@smh.com.au,Female
960,Elga,Popov,epopovqn@cargocollective.com,Female
961,Tobias,Karpychev,tkarpychevqo@whitehouse.gov,Male
962,Elaine,Butler-Bowdon,ebutlerbowdonqp@loc.gov,Female
963,Teresina,Yeliashev,tyeliashevqq@hugedomains.com,Agender
964,Miner,Gavan,mgavanqr@tripadvisor.com,Male
965,Ingar,Lindegard,ilindegardqs@barnesandnoble.com,Male
966,Arie,Wynrehame,awynrehameqt@toplist.cz,Male
967,Olivier,Gumley,ogumleyqu@hatena.ne.jp,Male
968,Garret,MacCurlye,gmaccurlyeqv@oaic.gov.au,Male
969,Dorree,Baines,dbainesqw@123-reg.co.uk,Female
970,Thaddus,Maneylaws,tmaneylawsqx@mapquest.com,Male
971,Charis,McCuffie,cmccuffieqy@flavors.me,Female
972,Burke,Kitchingham,bkitchinghamqz@mashable.com,Male
973,Wye,Torel,wtorelr0@twitpic.com,Male
974,Pandora,Chellam,pchellamr1@salon.com,Female
975,Carlee,Keeting,ckeetingr2@craigslist.org,Female
976,Amye,Waberer,awabererr3@arstechnica.com,Genderfluid
977,Jana,Craighill,jcraighillr4@xrea.com,Female
978,Hercule,Short,hshortr5@spiegel.de,Bigender
979,Langston,Forsythe,lforsyther6@noaa.gov,Non-binary
980,Kial,Ratnage,kratnager7@army.mil,Female
981,Diann,McArley,dmcarleyr8@amazon.com,Agender
982,Matteo,Van Der Hoog,mvanderhoogr9@4shared.com,Male
983,Katie,Hallward,khallwardra@nih.gov,Female
984,Evan,Whaley,ewhaleyrb@nih.gov,Male
985,Kora,MacSweeney,kmacsweeneyrc@symantec.com,Female
986,Shannan,Gage,sgagerd@soup.io,Male
987,Lester,Tuvey,ltuveyre@geocities.com,Male
988,Jeth,Connolly,jconnollyrf@blogger.com,Genderqueer
989,Tait,Lomb,tlombrg@wikispaces.com,Male
990,Corey,Reeks,creeksrh@newyorker.com,Bigender
991,Sammie,Titchard,stitchardri@cdc.gov,Male
992,Marion,Doud,mdoudrj@blinklist.com,Male
993,Terrell,Coule,tcoulerk@ed.gov,Male
994,Priscella,Baggarley,pbaggarleyrl@wikia.com,Female
995,Amalita,Herculeson,aherculesonrm@delicious.com,Female
996,Lilian,Craker,lcrakerrn@ow.ly,Non-binary
997,Marla,Adacot,madacotro@plala.or.jp,Female
998,Bernardine,Clemmitt,bclemmittrp@creativecommons.org,Female
999,Nerta,Spybey,nspybeyrq@over-blog.com,Female
1000,Parnell,Sliman,pslimanrr@cbc.ca,Male
